shape,z,posx,posy,scale,angle,thickness,energy,curveX,curveY,spread1,spread2,hue_bias,lightness_bias,texture
stroke,1,62.52,61.68,80.81,256.54,4.01,0.465,-9.07,-15.69,119.05,16.49,-44.62,-0.013,0.886
arc,2,96.28,42.81,89.18,295.48,8.44,0.194,-19.62,35.99,115.52,55.07,12.32,0.013,1.291
splatter,3,75.91,61.81,57.33,68.27,6.89,0.562,-16.61,17.18,188.26,89.18,-41.35,-0.224,0.996
stroke,4,42.31,72.17,33.5,137.87,7.86,0.855,26.89,-5.04,141.63,72.53,-14.99,0.06,1.22
blob,5,35.23,66.41,39.21,330.47,9.94,0.258,25.87,13.44,122.22,60.28,-1.84,0.248,2.049
blob,6,65.82,60.15,50.77,297.62,7.63,0.344,-6.23,-8.41,146.2,48.77,29.86,-0.028,0.853
blob,7,25.95,71.33,23.2,3.21,6.23,0.939,24.56,2.21,104.62,65.06,-17.35,0.098,3.561
splatter,8,95.29,73.39,28.67,281.63,9.09,0.657,-3.46,8.83,106.98,74.43,33.4,-0.131,1.612
stroke,9,80.95,77.64,27.51,153.09,9.36,0.601,-6.53,-8.35,176.36,43.48,28.17,-0.012,1.002
splatter,10,44.68,62.97,59.25,225.62,9.39,0.507,1.14,-13.71,44.58,69.29,-32.14,-0.23,0.99
blob,11,17.31,46.66,77.25,252.39,4.42,0.778,5.7,24.48,148.72,86.96,33.68,0.118,0.668
arc,12,84.79,52.93,63.98,44.12,2.52,0.277,-11.11,12.28,105.57,54.44,-8.51,0.024,1.091
splatter,13,52.48,74.13,71.66,213.33,4.28,0.638,0.44,-45.09,98.34,61.7,-14.97,-0.183,0.375
blob,14,82.23,33.66,32.15,274.11,7.05,0.245,15.75,-13.36,87.88,72.09,-8.38,-0.12,2.071
blob,15,19.92,57.37,40.04,80.44,5.85,0.919,2.59,-15.63,116.15,73.78,-0.11,0.009,0.3
blob,16,41.81,42.13,41.46,302.67,5.05,0.617,0.86,-12.42,108.26,81.96,-12.45,0.139,1.128
blob,17,55.12,50.57,57.22,233.24,6.73,0.287,9.88,17.25,93.41,34.64,-25.19,0.222,0.624
stroke,18,56.03,75.57,34.1,7.33,2.26,0.513,13.33,0.38,81.89,46.78,-22.54,-0.02,0.778
stroke,19,45.1,53.82,69.72,41.24,5.81,0.73,-1.25,-27.79,40.0,47.7,4.17,-0.205,0.83
blob,20,68.7,50.93,88.08,122.93,7.96,0.433,-9.48,-7.66,81.05,37.4,-4.81,0.036,2.895
stroke,21,31.51,22.8,58.52,245.42,6.71,0.419,3.78,10.83,89.51,15.04,15.82,0.268,0.637
blob,22,51.87,64.93,39.22,137.06,7.02,0.751,-31.88,-4.39,116.05,15.0,1.57,-0.243,1.746
blob,23,57.65,62.91,30.78,288.94,9.01,0.484,-4.21,-12.89,188.52,89.89,2.31,-0.143,1.974
stroke,24,66.32,93.27,27.54,306.43,5.35,0.804,-49.43,6.62,85.36,21.15,17.78,0.092,0.343
stroke,25,70.66,43.84,20.0,71.54,4.06,0.544,-33.52,32.36,69.05,99.16,42.57,0.023,0.812
splatter,26,30.26,54.38,42.05,221.06,8.12,0.724,-36.52,9.23,81.42,78.49,43.77,-0.082,2.322
blob,27,21.25,54.99,40.94,220.72,8.08,0.843,20.95,26.02,116.13,49.86,40.21,0.033,0.573
stroke,28,83.11,81.55,67.83,171.9,6.73,0.829,0.28,-11.55,133.55,75.41,26.11,0.147,2.012
stroke,29,62.31,48.09,35.17,16.25,5.15,0.261,-25.24,-0.17,139.13,70.63,62.56,-0.015,1.095
blob,30,38.53,55.58,43.15,339.75,5.5,0.663,9.82,-0.57,143.11,32.46,13.13,-0.028,1.072
stroke,31,89.13,62.16,53.04,294.28,2.69,0.879,19.77,2.37,148.77,59.63,9.77,0.088,1.144
blob,32,57.54,53.73,58.1,301.89,7.95,0.766,10.17,8.81,98.84,35.5,67.32,-0.041,1.312
blob,33,80.94,41.07,64.41,212.39,7.87,0.525,-3.77,-18.38,192.13,76.35,-81.78,0.171,0.685
arc,34,56.49,53.88,50.69,19.17,2.61,0.766,4.65,12.95,95.81,42.12,-6.42,0.304,0.97
arc,35,100.0,71.47,23.88,299.11,7.41,0.905,18.03,-32.56,114.37,57.58,37.57,-0.134,1.33
splatter,36,93.62,29.47,55.84,312.93,6.39,0.721,-9.38,-26.72,161.83,56.51,29.41,-0.188,1.207
blob,37,49.52,52.66,33.96,2.15,3.25,0.741,0.6,42.71,132.66,63.04,76.97,0.056,1.316
blob,38,76.37,36.0,78.85,152.05,2.85,0.618,-5.14,-10.2,40.0,101.56,3.22,-0.193,0.772
splatter,39,69.2,73.9,47.13,345.38,6.32,0.198,-32.27,14.59,110.23,53.98,-12.92,-0.195,1.516
stroke,40,85.11,19.54,52.06,126.56,4.63,0.664,18.33,33.97,144.48,90.45,-9.96,-0.307,1.177
blob,41,33.77,38.82,120.0,182.04,9.5,0.272,41.15,-46.29,56.26,72.0,9.54,-0.057,0.501
stroke,42,70.09,57.54,64.91,179.98,7.6,0.687,-17.48,22.52,140.03,95.46,48.65,-0.005,0.847
blob,43,78.29,81.31,55.39,52.87,6.54,0.171,19.25,12.98,125.61,51.54,49.02,-0.078,0.706
arc,44,16.31,48.68,43.74,10.4,6.65,0.243,-16.84,32.81,157.36,77.4,-1.68,0.209,0.702
blob,45,28.97,38.9,24.9,315.91,8.43,0.496,2.66,-23.63,82.32,58.52,7.59,0.197,0.871
splatter,46,10.14,87.62,42.3,326.67,7.36,0.444,30.16,29.03,149.84,15.0,-18.35,0.289,1.502
blob,47,49.07,21.04,30.6,268.72,6.6,0.787,-10.41,-14.79,116.38,32.75,-15.22,0.007,0.808
stroke,48,70.79,6.02,92.83,48.77,3.34,0.698,-0.29,21.1,180.64,74.56,31.39,0.178,1.237
stroke,49,88.05,58.8,55.72,247.91,12.0,0.42,-36.03,-0.72,220.0,72.91,48.07,0.046,1.139
blob,50,56.63,39.96,77.58,207.69,3.07,0.393,-13.28,15.42,171.53,27.63,-20.92,0.031,0.749
arc,51,90.83,29.58,34.69,130.84,4.81,0.573,-38.13,0.98,129.22,65.51,7.29,-0.07,0.93
splatter,52,24.64,64.17,31.68,356.62,1.86,0.468,8.58,-36.79,202.84,72.58,-7.29,-0.339,1.703
arc,53,17.53,54.88,62.12,339.43,6.69,0.681,16.63,-62.41,134.14,59.13,25.92,0.096,1.191
arc,54,53.78,38.72,30.0,214.84,5.83,0.641,-4.43,4.2,73.68,78.22,-11.66,0.173,1.454
stroke,55,63.45,24.39,37.84,86.99,7.18,0.786,5.72,-5.27,108.43,74.81,-57.79,-0.229,2.088
arc,56,54.28,67.45,94.8,21.4,1.67,0.641,-6.51,7.96,140.47,59.12,30.11,-0.001,1.374
blob,57,9.52,63.0,38.55,84.91,7.95,0.529,14.81,-5.04,143.04,47.23,-9.1,0.149,0.423
blob,58,53.04,48.02,22.24,335.58,3.72,0.374,2.59,40.36,64.99,86.06,-5.98,-0.054,1.265
blob,59,26.3,86.93,20.0,72.98,5.17,0.854,-39.71,4.61,66.26,71.58,13.07,0.179,0.811
stroke,60,69.73,28.6,20.86,242.69,7.55,0.582,18.8,-8.94,96.35,25.46,10.59,-0.021,2.732
stroke,61,63.07,19.49,79.6,171.16,6.07,0.644,-7.79,6.75,131.38,65.52,13.68,-0.079,1.349
blob,62,34.32,36.16,35.73,341.77,6.23,0.476,-25.41,-8.57,136.5,31.22,-48.89,0.188,0.82
splatter,63,43.69,49.09,120.0,23.63,7.26,0.449,-8.78,1.86,115.65,35.89,16.69,-0.14,1.467
stroke,64,31.7,54.87,88.54,287.62,6.44,0.359,-38.04,-24.35,76.62,43.7,-57.27,-0.109,1.156
blob,65,53.62,45.18,104.8,80.48,4.75,0.526,-25.0,-0.17,179.48,61.12,23.09,-0.134,0.468
stroke,66,76.01,57.04,72.47,112.39,5.13,0.349,2.86,-9.56,67.12,69.36,33.55,-0.171,1.702
blob,67,33.31,24.97,60.67,276.96,5.97,0.387,4.53,-22.45,162.09,49.78,-41.06,0.023,0.902
splatter,68,66.09,78.88,31.13,355.32,3.53,0.694,6.13,39.51,139.55,50.87,9.85,-0.077,2.249
blob,69,43.33,48.36,46.59,48.67,7.69,0.225,0.06,-21.67,161.21,47.42,31.72,0.073,1.039
arc,70,37.56,72.35,63.38,164.09,6.14,0.307,-13.86,0.14,92.22,86.19,-13.47,-0.26,2.27
splatter,71,52.65,56.85,70.5,29.0,5.66,0.675,-1.09,-16.06,104.29,15.0,20.21,-0.168,1.367
blob,72,32.22,59.14,26.09,301.42,8.12,0.714,-8.74,5.94,112.2,52.28,-83.56,0.008,1.799
blob,73,42.82,61.4,42.61,246.65,5.24,0.05,-32.52,-25.49,90.94,98.62,32.95,0.22,0.864
splatter,74,28.65,58.95,44.9,152.75,5.1,0.77,-15.45,16.81,119.01,72.93,0.9,0.057,1.319
splatter,75,98.22,62.85,44.09,58.28,4.43,0.489,17.79,40.72,173.16,91.67,-7.73,-0.088,0.466
splatter,76,55.78,76.58,27.85,164.83,6.25,0.819,31.77,-16.79,58.13,15.0,29.52,-0.223,1.037
splatter,77,39.61,53.93,99.27,221.18,6.18,0.484,13.03,24.34,83.71,28.94,51.88,-0.097,0.526
blob,78,59.71,64.18,41.94,215.52,4.03,0.752,30.87,-7.64,79.37,72.85,14.57,-0.006,0.624
stroke,79,52.53,48.21,28.86,66.25,5.11,0.957,1.71,30.12,106.22,98.77,48.26,-0.354,0.708
blob,80,50.14,78.8,100.36,356.16,4.05,0.485,34.85,43.77,104.58,31.47,-46.6,-0.182,1.538
splatter,81,68.51,36.47,88.57,42.24,3.95,0.472,41.09,-4.67,140.89,50.31,19.98,-0.111,1.027
stroke,82,71.67,86.02,49.78,207.04,1.69,0.643,-34.67,-30.41,111.35,70.04,-3.96,-0.039,1.123
stroke,83,43.33,49.2,20.0,343.27,4.99,0.508,4.43,18.96,122.12,23.69,-23.65,-0.008,1.013
blob,84,42.33,21.38,37.31,325.59,1.76,0.321,1.73,4.49,125.94,73.04,-57.86,-0.092,1.897
blob,85,48.95,52.56,20.0,61.02,4.48,0.566,-8.48,10.04,119.82,15.0,18.35,0.076,1.107
stroke,86,4.36,36.38,58.66,88.84,4.15,0.527,9.84,-6.8,138.13,72.31,26.26,0.019,1.252
splatter,87,21.67,66.81,36.08,128.46,7.81,0.596,0.82,-17.69,105.11,35.12,40.26,-0.056,0.831
stroke,88,85.07,36.95,46.07,8.18,3.27,0.841,-14.71,23.21,175.85,48.81,35.29,0.097,1.963
arc,89,91.19,41.08,96.38,145.63,3.83,0.517,-0.53,6.4,211.66,76.3,-23.15,0.084,2.038
stroke,90,49.52,12.21,34.83,326.01,4.66,0.3,24.09,-28.87,138.25,71.18,38.72,-0.218,1.085
blob,91,67.68,40.95,57.54,233.41,4.22,0.972,3.65,13.74,119.12,59.8,41.89,-0.005,0.825
splatter,92,61.85,1.52,65.25,241.74,8.51,0.149,12.54,9.72,134.98,84.23,-7.8,0.134,0.493
splatter,93,100.0,18.32,78.51,259.81,3.0,0.676,-5.54,-6.51,65.96,17.5,0.85,0.159,0.716
stroke,94,79.63,65.21,44.54,357.85,4.67,0.329,9.04,32.4,117.2,65.11,-28.02,0.056,0.374
splatter,95,52.19,65.72,42.4,255.89,6.23,0.767,-24.18,-12.36,80.75,40.25,44.43,-0.035,0.701
stroke,96,33.98,58.51,41.94,40.85,7.44,0.782,-9.99,-3.38,130.4,82.95,-45.35,0.063,1.321
stroke,97,19.66,30.66,55.06,284.15,4.66,0.352,-2.05,15.37,80.95,77.18,16.05,0.121,1.078
stroke,98,59.48,49.05,86.91,164.57,1.28,0.679,-25.53,1.54,96.21,78.08,-17.9,0.017,3.531
blob,99,38.36,49.93,41.05,63.56,5.17,0.308,-16.6,-27.69,40.0,101.13,-33.24,0.034,0.918
blob,100,23.71,26.83,20.0,245.72,8.47,0.242,6.26,3.68,63.07,88.16,-56.24,-0.037,0.883
blob,101,40.78,80.07,68.49,300.08,6.12,0.161,2.6,-8.29,124.19,56.06,-6.46,-0.201,1.88
stroke,102,31.21,67.55,48.13,32.49,6.02,0.612,16.13,17.14,75.25,59.97,-37.94,-0.026,0.422
blob,103,92.12,45.58,58.72,266.86,3.16,0.717,-12.01,3.02,152.55,75.02,1.69,-0.102,0.527
stroke,104,74.4,50.54,20.4,168.99,2.94,0.669,1.15,1.89,71.84,63.4,53.08,-0.101,1.54
arc,105,54.82,54.17,36.15,284.67,5.54,0.387,-13.44,-20.97,128.13,77.63,5.99,0.215,1.002
blob,106,87.56,9.17,66.01,131.5,2.36,0.271,14.12,-4.6,79.52,15.0,59.92,0.143,1.014
stroke,107,56.7,45.06,24.48,23.97,7.22,0.229,23.81,19.4,125.42,107.02,-29.47,-0.254,0.692
splatter,108,36.05,36.36,57.49,36.12,3.64,0.602,9.67,-15.53,48.61,61.53,-38.43,-0.163,1.246
blob,109,88.51,29.97,45.9,23.45,5.45,0.917,21.22,-0.65,91.87,19.44,-30.81,-0.055,0.738
blob,110,66.86,44.38,32.53,228.91,1.35,0.8,0.65,-18.73,76.15,37.16,-1.95,-0.096,1.146
blob,111,32.18,85.95,31.26,309.32,4.63,0.774,16.11,-23.68,145.33,15.0,81.69,0.048,0.619
blob,112,50.81,62.82,27.98,70.5,2.89,0.592,1.51,-1.7,128.49,32.74,-49.86,-0.187,1.009
arc,113,35.74,38.58,48.01,198.1,1.0,0.948,-20.5,3.48,60.7,56.44,18.59,0.144,3.042
splatter,114,24.58,61.45,50.58,263.07,6.69,0.199,4.93,39.88,101.87,97.87,-21.0,-0.007,0.894
stroke,115,75.38,77.99,39.18,263.96,9.11,0.63,-19.91,-9.11,79.11,70.27,-6.71,-0.051,1.035
splatter,116,97.01,68.49,27.13,321.46,7.98,0.791,46.78,-1.0,148.01,65.82,-37.74,-0.002,0.999
splatter,117,24.23,51.19,56.75,160.31,7.0,0.221,-6.68,-25.0,160.86,31.62,26.37,-0.063,1.206
blob,118,67.39,37.06,69.04,193.12,4.59,0.513,12.9,12.24,52.33,39.39,-1.32,-0.305,1.397
arc,119,40.69,63.96,61.36,356.99,7.27,0.515,-0.25,7.96,143.07,41.33,32.62,0.002,1.257
stroke,120,44.28,57.87,106.72,236.27,8.19,0.381,-24.67,29.77,77.07,42.35,5.26,-0.048,1.271
splatter,121,41.97,67.9,42.83,162.59,5.8,0.202,-37.97,22.23,99.88,51.21,-57.95,-0.143,1.01
arc,122,35.99,62.7,83.11,215.38,2.89,0.891,14.98,7.03,111.29,53.1,32.9,0.165,1.162
blob,123,56.07,70.99,34.06,321.33,4.4,0.317,30.99,-9.4,182.66,51.52,-60.39,0.1,0.993
blob,124,36.72,39.3,31.44,83.11,9.25,0.356,-14.7,4.09,69.85,43.22,-56.1,0.366,0.447
blob,125,60.95,76.35,49.37,72.56,5.34,0.397,-33.13,-2.22,143.39,63.38,-27.52,0.125,4.0
stroke,126,53.89,53.95,91.3,332.54,1.0,0.468,-6.5,19.07,63.14,52.14,-27.12,-0.097,1.591
splatter,127,49.74,91.51,40.64,306.55,2.27,0.615,-18.74,16.52,60.38,20.11,41.88,-0.136,0.677
splatter,128,35.03,36.22,20.39,326.39,4.57,0.729,-13.01,-5.93,111.14,60.86,-5.13,-0.074,1.24
blob,129,42.31,84.72,68.46,279.83,7.78,0.758,12.21,-29.24,110.87,57.08,37.42,-0.1,0.564
stroke,130,71.62,53.96,45.01,260.05,4.9,0.92,-1.01,26.67,40.0,20.51,-17.04,0.016,0.863
stroke,131,66.02,36.97,53.42,1.47,7.82,0.614,-16.59,11.64,156.38,45.22,9.53,-0.231,0.527
blob,132,33.49,40.32,32.24,285.69,4.34,0.887,11.77,-6.39,40.0,74.93,14.22,0.097,1.077
blob,133,57.19,43.59,49.16,293.95,1.18,0.439,13.34,10.86,104.16,31.59,20.88,0.014,0.501
stroke,134,71.53,58.48,21.98,68.34,4.42,0.544,-6.74,1.5,163.1,28.95,-13.95,0.08,1.342
arc,135,18.27,60.46,99.96,182.02,6.26,0.502,2.76,26.37,198.37,51.88,-11.34,-0.172,1.554
stroke,136,66.95,38.53,74.1,52.1,6.08,0.72,10.41,-38.6,95.48,75.57,-8.94,0.037,0.731
stroke,137,40.42,49.51,48.15,223.95,2.74,0.358,8.52,-7.94,52.68,105.26,-49.57,0.195,1.198
splatter,138,67.55,92.85,67.62,224.89,4.73,0.792,0.81,31.98,161.62,76.47,-2.52,-0.129,0.712
stroke,139,38.21,84.55,34.1,181.63,11.41,0.473,28.65,11.26,144.61,87.12,-11.51,-0.133,1.427
arc,140,15.29,58.73,72.64,307.59,2.79,0.542,11.65,35.45,90.44,68.67,17.4,0.107,0.783
arc,141,19.19,50.76,39.8,235.15,6.95,0.358,-9.01,-24.44,85.37,42.87,2.74,-0.145,1.64
blob,142,56.06,52.4,38.48,59.1,1.0,0.463,-8.89,21.44,81.3,76.29,40.09,-0.035,0.447
stroke,143,60.71,62.27,28.93,69.4,7.4,0.445,-11.16,20.24,96.22,57.86,2.1,0.221,0.669
blob,144,35.11,29.54,56.43,79.79,3.54,0.593,12.64,-33.63,122.64,69.43,-16.87,-0.131,0.635
blob,145,69.05,44.85,47.19,304.04,6.38,0.181,-12.45,-5.91,87.36,36.35,1.73,0.232,1.223
blob,146,18.45,16.63,84.3,214.66,2.66,0.515,-8.5,-2.13,92.42,71.66,21.73,-0.05,1.459
stroke,147,53.55,57.98,27.27,198.07,6.14,0.608,21.16,-32.39,135.65,56.99,-53.2,-0.168,1.272
stroke,148,28.36,62.94,56.54,302.43,3.5,0.432,3.83,-5.49,50.7,65.78,-21.46,0.091,0.857
blob,149,40.66,40.34,77.3,96.92,3.93,0.803,23.97,17.46,94.96,57.87,-20.83,0.016,0.3
blob,150,56.04,81.48,120.0,109.38,6.47,0.677,15.96,-7.82,42.96,53.07,12.33,0.002,1.127
arc,151,36.07,25.48,50.99,76.04,4.55,0.753,-23.53,4.84,114.34,72.12,15.82,-0.115,1.639
blob,152,46.54,20.71,39.45,330.52,6.34,0.301,-2.04,4.99,40.0,49.85,3.04,0.015,4.0
blob,153,77.14,54.49,50.4,316.91,5.08,0.553,19.8,-0.24,145.6,20.28,-74.36,-0.31,0.894
stroke,154,42.31,70.94,81.31,75.92,5.65,0.092,-24.44,-14.1,57.41,15.0,-49.56,0.033,0.792
arc,155,73.39,83.68,81.29,174.0,6.48,0.356,8.39,13.18,40.0,64.61,-7.17,0.195,1.297
blob,156,30.15,40.82,44.16,204.47,4.73,0.783,-0.78,-31.74,95.46,48.82,-15.04,-0.265,0.972
splatter,157,66.66,71.57,80.67,263.22,3.31,0.253,-35.1,0.17,178.44,16.77,0.16,-0.061,2.091
splatter,158,86.71,49.23,46.17,282.27,4.33,0.581,2.39,27.71,138.45,62.66,-14.08,-0.131,0.738
blob,159,0.62,46.55,67.28,208.08,8.13,0.244,-16.75,-8.95,40.0,57.65,45.95,-0.227,0.976
splatter,160,37.47,67.67,59.5,134.57,5.76,0.172,-23.35,-14.55,56.27,47.51,-68.82,-0.308,1.713
stroke,161,67.7,63.05,38.7,188.74,3.64,0.736,0.18,14.51,94.18,66.17,9.08,-0.177,1.289
stroke,162,50.53,18.47,29.44,305.25,6.38,0.533,-38.62,3.27,199.53,92.88,24.84,-0.036,1.975
stroke,163,63.17,79.53,78.21,85.28,6.53,0.127,-13.49,14.91,72.44,92.11,21.05,0.172,0.888
stroke,164,41.71,77.6,87.85,127.6,6.64,0.126,51.02,0.77,72.76,63.59,23.62,-0.228,2.078
blob,165,56.9,37.49,55.94,121.47,3.35,0.566,13.0,-47.77,171.1,57.88,27.93,0.044,0.481
splatter,166,51.58,57.92,46.15,25.01,4.0,0.71,-17.63,23.6,117.8,63.94,-18.12,0.033,0.491
stroke,167,80.69,59.88,25.55,245.06,4.01,0.348,28.08,41.4,152.12,67.73,-33.04,0.251,2.095
blob,168,60.6,55.21,77.31,90.82,4.71,0.701,-19.84,25.68,80.92,53.29,-61.04,0.086,1.109
blob,169,62.43,38.99,53.06,333.52,6.69,0.594,-11.07,-70.78,105.93,64.36,-10.88,0.094,1.751
stroke,170,45.94,36.57,41.29,45.94,6.15,0.458,-22.98,9.02,162.63,20.66,-23.33,0.105,1.162
splatter,171,44.27,49.49,68.13,230.02,6.33,0.616,5.12,-9.33,104.21,62.03,34.85,-0.139,1.101
blob,172,45.48,73.45,23.21,30.39,8.48,0.269,27.37,-21.68,154.92,71.92,-8.63,-0.086,0.569
stroke,173,63.68,60.87,28.22,190.5,7.02,0.497,-19.98,2.45,125.49,47.75,-30.91,0.168,1.09
blob,174,45.74,42.59,33.5,317.49,5.19,0.34,-41.21,-2.98,68.41,57.61,-35.66,-0.308,2.183
stroke,175,61.38,65.43,58.67,133.15,2.9,0.479,21.82,10.17,109.35,32.21,59.66,-0.102,1.137
blob,176,100.0,0.0,50.65,244.23,3.93,0.402,31.08,1.13,149.26,28.74,-0.66,-0.2,1.554
splatter,177,74.16,72.98,61.76,290.63,4.92,0.229,-39.9,-22.42,136.78,65.27,-23.45,0.035,1.533
stroke,178,47.83,15.21,74.98,258.39,7.32,0.628,9.2,-11.53,108.39,41.76,3.72,-0.063,0.666
arc,179,81.43,42.75,62.76,52.92,5.44,0.897,4.53,-14.76,40.0,15.58,56.91,0.094,1.696
blob,180,46.02,27.61,100.92,291.62,4.06,0.651,-15.75,-34.33,40.0,32.21,-11.69,-0.016,0.945
stroke,181,10.16,24.11,74.9,169.14,3.89,0.558,-27.89,-27.43,46.67,35.84,20.61,-0.232,0.971
blob,182,32.82,73.22,44.11,230.4,5.35,0.628,19.84,-4.22,89.58,79.36,35.59,-0.225,3.155
arc,183,13.84,40.65,36.03,58.85,7.46,0.8,3.58,28.48,94.92,64.48,-56.74,-0.001,1.49
splatter,184,47.27,56.93,44.74,357.18,9.0,0.875,5.09,-10.71,50.98,38.21,-19.15,-0.116,0.803
blob,185,55.41,49.06,63.73,61.88,5.05,0.488,-12.44,-15.15,150.9,45.31,31.83,-0.08,1.141
splatter,186,91.88,59.54,37.88,167.38,5.4,0.422,-16.04,-23.63,59.45,92.8,-20.98,0.141,1.126
splatter,187,62.19,51.54,64.52,271.64,2.83,0.57,-49.1,0.61,55.18,83.4,12.44,0.114,2.568
stroke,188,50.18,24.34,61.26,122.02,9.77,0.326,-4.56,23.59,113.53,32.05,-22.75,0.27,1.127
stroke,189,73.25,69.93,29.24,132.05,2.42,0.223,28.78,40.05,148.96,89.09,-13.37,-0.047,3.333
blob,190,6.36,40.12,74.28,142.27,8.08,0.65,-17.81,5.71,192.19,57.98,-17.02,-0.096,0.578
blob,191,60.18,18.87,55.06,1.28,4.7,0.636,-30.45,2.8,133.3,79.99,19.1,0.063,1.087
arc,192,71.96,41.44,98.7,172.65,4.18,0.243,8.71,-10.87,173.19,55.92,6.05,-0.084,0.755
arc,193,22.47,80.02,46.25,309.94,3.06,0.379,12.4,-7.53,61.52,89.65,2.97,-0.079,0.863
stroke,194,80.16,67.0,40.42,350.21,10.8,0.54,-11.72,12.58,196.39,31.01,75.22,-0.03,0.872
stroke,195,62.45,43.03,27.4,235.81,5.99,0.293,-6.98,-6.3,40.0,53.61,52.19,0.248,0.774
stroke,196,45.86,43.01,27.19,187.3,5.55,0.619,5.28,-3.25,89.85,90.41,-59.44,0.106,2.625
splatter,197,68.92,43.57,70.35,287.75,7.45,0.445,-3.11,-0.51,132.43,15.0,-13.3,0.121,2.251
arc,198,100.0,91.53,94.23,13.66,4.07,0.797,20.0,-11.82,45.79,58.85,72.79,0.241,1.352
arc,199,59.0,57.64,44.45,2.88,5.5,0.759,48.74,-1.5,72.92,50.16,-17.24,0.135,0.872
splatter,200,60.46,58.6,43.11,24.62,5.62,0.819,-34.18,-40.39,66.56,77.12,62.63,-0.17,0.785
stroke,201,44.89,70.61,48.2,17.7,4.37,0.414,24.6,10.98,97.59,86.75,-12.79,0.133,1.601
blob,202,36.3,54.78,76.53,312.53,8.14,0.744,2.11,47.04,166.86,78.26,-7.02,0.152,1.284
blob,203,73.27,44.82,29.36,96.68,5.02,0.547,27.76,-11.04,110.67,66.03,25.91,0.098,1.028
arc,204,36.17,46.07,52.01,196.69,2.08,0.6,14.49,7.48,91.48,61.01,-2.71,-0.029,1.449
stroke,205,56.57,48.57,71.06,152.77,4.84,0.394,1.22,17.03,40.0,51.43,14.84,0.082,1.726
blob,206,44.49,49.26,58.35,178.03,6.05,0.468,15.2,25.6,128.67,65.25,47.25,-0.003,1.023
blob,207,65.54,64.55,20.0,326.45,3.53,0.626,-7.88,-5.29,141.6,96.49,22.76,-0.147,0.746
splatter,208,62.34,51.04,62.9,281.21,3.71,0.926,-15.49,-36.07,42.0,39.24,4.25,-0.109,0.571
blob,209,77.83,64.65,58.6,241.98,4.3,0.542,16.22,5.34,107.32,49.95,50.21,0.106,1.253
blob,210,43.78,48.39,83.08,231.4,8.19,0.768,-16.89,2.57,117.72,58.11,26.3,-0.136,3.266
stroke,211,49.06,51.57,90.88,239.28,4.43,0.543,12.85,-6.91,148.58,85.02,-22.01,-0.122,0.634
splatter,212,33.47,10.04,81.23,280.22,8.64,0.667,0.61,-2.67,81.01,65.58,59.4,0.113,1.915
splatter,213,45.23,68.33,48.32,141.82,4.15,0.403,-46.59,2.87,74.99,84.59,19.27,0.02,0.788
blob,214,63.3,56.93,20.0,19.44,6.22,0.346,-11.49,7.24,91.74,85.85,-6.41,0.087,0.872
splatter,215,71.65,69.96,111.03,170.82,4.52,0.611,6.7,6.4,161.38,74.8,-60.62,-0.184,1.746
blob,216,34.71,0.0,42.97,217.66,7.16,0.572,-8.12,-4.35,151.75,33.4,-41.33,0.082,0.973
stroke,217,74.13,91.77,47.61,217.31,3.04,0.38,-50.93,7.69,109.15,101.53,51.0,-0.099,1.251
splatter,218,84.82,47.21,93.7,140.83,7.13,0.479,26.42,-5.7,150.79,95.31,52.19,-0.153,1.239
stroke,219,64.1,72.16,32.39,339.19,5.75,0.931,3.39,12.84,40.0,61.59,2.56,-0.076,0.789
splatter,220,96.29,29.2,23.56,89.59,4.09,0.874,8.87,-12.55,141.67,25.46,-53.11,0.204,1.729
splatter,221,37.98,62.26,37.99,288.91,5.13,0.948,-9.47,1.46,65.25,20.99,-32.61,-0.055,1.072
stroke,222,27.62,28.93,33.25,169.28,8.87,0.597,10.63,-32.47,180.68,66.36,-48.71,0.33,0.552
blob,223,15.87,37.52,22.4,154.12,5.8,0.702,36.7,-7.4,67.43,42.46,-49.8,-0.309,0.707
stroke,224,87.91,88.28,44.89,58.55,3.95,0.445,-14.7,11.35,75.89,17.07,60.8,-0.232,0.3
blob,225,69.4,46.19,48.47,95.85,2.85,0.07,33.34,-20.67,132.5,20.52,61.8,0.199,1.134
blob,226,53.78,54.35,21.73,286.97,6.61,0.327,7.97,-6.4,136.36,48.25,-33.63,0.236,2.121
arc,227,61.16,67.4,40.3,206.02,5.93,0.297,-17.39,-48.1,92.15,64.87,-0.26,-0.13,0.655
stroke,228,30.24,59.91,32.23,250.99,7.03,0.632,44.25,-27.36,124.86,95.14,-38.54,0.01,1.481
arc,229,100.0,53.01,20.0,132.54,2.28,0.445,7.83,-22.13,129.82,72.11,-0.46,0.107,1.371
stroke,230,57.84,57.3,49.2,197.31,2.92,0.096,13.53,2.04,125.72,50.46,49.18,-0.034,0.759
splatter,231,57.41,98.07,51.43,61.28,8.02,0.422,-5.39,6.67,93.82,69.5,32.36,0.022,2.383
stroke,232,70.97,48.85,32.23,227.27,6.23,0.631,-15.93,-1.12,130.21,67.26,24.26,0.002,0.964
stroke,233,65.58,54.02,73.98,128.69,6.67,0.956,3.36,-7.65,166.25,78.49,-5.83,-0.222,3.02
stroke,234,59.93,71.01,47.13,135.51,3.38,0.656,31.63,-7.58,60.98,59.0,37.86,-0.052,0.488
blob,235,37.61,72.11,32.98,211.39,3.34,0.43,-6.19,14.32,76.4,85.9,19.4,0.002,0.966
splatter,236,65.37,73.74,21.01,316.14,7.68,0.744,-0.54,4.26,111.09,80.61,12.12,0.015,1.025
blob,237,96.4,62.77,52.68,3.56,7.78,0.437,29.13,-6.68,67.75,62.07,-3.46,-0.26,1.083
blob,238,84.6,27.14,58.54,278.87,3.11,0.571,-6.01,25.87,40.0,57.02,9.55,0.113,1.581
stroke,239,90.05,82.67,36.99,88.66,2.69,0.668,10.21,39.0,153.72,82.99,8.65,0.019,4.0
blob,240,43.75,27.07,49.91,144.66,5.26,0.601,17.55,-24.91,40.0,42.16,-16.24,-0.158,1.388
arc,241,33.23,56.05,90.88,354.18,3.74,0.455,-3.94,10.45,93.9,22.33,-23.25,0.27,1.119
arc,242,52.23,34.91,68.85,96.11,3.7,0.163,6.2,61.8,140.36,22.19,-29.91,-0.052,0.639
arc,243,56.23,48.72,20.0,170.13,2.75,0.235,13.22,5.6,120.67,40.09,-27.99,-0.042,0.43
stroke,244,79.07,56.58,32.79,10.84,4.47,0.538,-8.02,2.31,94.51,76.49,-5.64,0.096,1.984
blob,245,17.77,56.43,43.89,168.86,2.96,0.232,16.32,-1.11,66.1,49.43,-10.58,0.283,0.841
arc,246,88.65,58.44,48.35,327.27,3.09,0.066,-10.94,9.8,123.75,65.11,-18.62,0.102,4.0
stroke,247,51.52,82.27,50.41,32.89,6.16,0.341,-13.5,15.1,70.46,47.62,-20.84,0.124,1.706
arc,248,45.61,59.07,56.88,271.59,5.38,0.764,-30.54,-24.9,120.64,47.82,8.76,-0.15,1.311
arc,249,32.73,45.12,44.57,145.32,6.57,0.544,-10.07,-0.53,115.64,34.36,41.33,0.013,1.346
splatter,250,18.59,69.28,47.08,235.14,1.87,0.234,-16.31,-45.39,116.04,57.7,-0.33,-0.08,1.353
blob,251,73.11,73.79,70.43,94.41,5.52,0.753,-8.02,-4.19,84.39,55.62,-2.29,0.106,0.781
stroke,252,56.61,25.45,53.15,59.58,10.07,0.195,12.24,-18.05,191.4,70.32,-28.05,0.12,0.46
splatter,253,26.62,61.95,26.06,61.37,4.68,0.719,-34.51,6.78,124.33,67.19,-6.69,0.245,0.839
blob,254,26.51,64.02,49.05,30.43,7.31,0.548,-39.49,-33.13,98.85,55.07,35.71,-0.324,1.095
blob,255,47.61,44.05,43.94,73.33,7.3,0.172,-14.98,-10.25,120.57,22.35,31.12,-0.095,0.799
stroke,256,91.72,77.51,20.0,247.05,7.4,0.505,9.22,19.33,79.02,86.76,29.04,0.195,0.581
arc,257,49.29,47.0,50.21,326.79,5.87,0.226,5.78,-13.53,94.55,57.87,28.08,-0.21,0.76
splatter,258,21.93,52.51,27.8,303.91,6.75,0.446,-15.3,-38.1,205.68,61.99,13.1,0.121,1.855
stroke,259,49.59,46.54,70.9,258.91,7.04,0.453,23.39,5.15,79.3,100.01,12.04,0.17,1.607
blob,260,49.0,50.31,56.52,53.46,6.9,0.599,-13.17,-11.73,106.89,82.71,7.34,-0.004,1.204
stroke,261,0.0,28.07,25.34,119.26,3.04,0.725,9.25,-3.72,91.76,71.16,-12.51,-0.213,1.482
arc,262,53.81,21.2,69.47,128.12,1.74,0.477,-7.26,-14.6,68.41,59.94,2.51,-0.018,0.628
blob,263,49.92,81.89,83.67,108.02,2.08,0.932,-17.38,39.49,126.84,59.71,6.47,0.219,0.743
stroke,264,70.32,33.06,41.47,204.88,4.91,0.384,-12.1,-31.16,111.46,66.0,19.0,0.231,1.291
splatter,265,95.68,30.17,43.82,213.72,6.81,0.694,14.68,56.67,146.44,70.17,3.01,0.031,0.669
splatter,266,79.78,6.93,66.46,150.84,3.07,0.705,7.22,-7.81,142.42,102.79,63.15,-0.147,1.167
splatter,267,49.08,37.22,80.9,151.17,7.53,0.443,19.36,3.67,146.03,121.83,-36.29,0.261,0.588
splatter,268,30.66,23.54,20.0,323.53,4.39,0.314,7.22,-11.5,73.27,67.26,22.63,0.123,0.484
stroke,269,100.0,82.84,26.84,310.84,4.42,0.797,-32.22,-12.33,135.64,15.0,-1.24,-0.137,1.597
blob,270,56.3,70.2,38.34,138.94,3.66,0.645,42.29,-15.7,136.61,36.21,0.06,0.051,1.847
splatter,271,55.31,36.24,40.32,358.54,1.35,0.469,7.5,12.03,69.16,105.29,-24.38,0.045,0.806
splatter,272,54.47,95.05,65.62,14.04,6.0,0.412,10.29,-28.22,97.26,77.97,30.58,-0.096,0.517
splatter,273,59.36,69.64,81.08,150.09,9.27,0.528,-7.54,7.28,51.76,70.65,19.59,0.052,0.366
arc,274,51.82,43.5,83.78,161.5,5.36,0.67,22.26,-43.69,136.78,55.83,25.01,0.166,2.776
stroke,275,42.38,0.01,20.0,217.38,1.43,0.444,-21.86,5.47,136.6,30.27,5.08,-0.044,1.168
stroke,276,42.97,95.82,31.33,15.6,7.22,0.671,12.2,16.98,167.21,101.94,-9.75,0.181,0.815
splatter,277,54.28,22.21,24.76,353.71,1.93,0.602,-41.59,-25.49,100.85,39.42,-2.0,-0.263,0.921
stroke,278,43.04,17.09,35.0,76.6,2.84,0.782,13.54,13.57,128.06,78.23,13.0,0.333,0.425
splatter,279,39.32,70.45,31.27,182.51,4.98,0.673,-21.59,1.03,149.51,27.48,-60.17,0.009,1.507
splatter,280,57.34,98.8,56.44,241.78,5.77,0.98,5.54,31.97,79.84,54.62,26.19,0.161,3.004
arc,281,49.39,77.69,59.49,225.14,3.28,0.591,27.15,-17.1,73.76,84.82,72.79,0.033,0.747
stroke,282,88.09,61.28,46.81,115.24,4.89,0.931,16.45,56.32,81.08,53.76,14.41,-0.124,3.639
stroke,283,0.0,61.9,44.78,356.07,7.07,0.436,24.49,-47.82,96.03,50.79,-8.43,-0.005,1.043
blob,284,79.01,67.07,39.12,292.04,7.37,0.837,22.42,-6.59,75.18,60.27,-4.84,-0.286,2.543
stroke,285,82.41,65.18,41.3,351.43,8.25,0.902,-10.49,-33.97,82.81,26.6,21.23,0.103,1.289
blob,286,9.39,55.62,90.42,0.38,9.7,0.335,11.97,37.02,145.24,21.9,-7.75,0.029,1.288
stroke,287,47.46,52.08,63.4,322.07,7.28,0.717,-34.5,-5.23,106.15,77.86,26.06,-0.029,2.779
stroke,288,46.83,48.75,39.82,212.22,5.02,0.096,-13.74,-3.43,122.27,49.44,-5.22,0.113,1.635
blob,289,24.03,34.92,44.39,275.35,7.39,0.441,27.85,8.86,87.97,77.66,51.43,0.006,1.333
stroke,290,37.89,44.39,57.02,114.73,6.53,0.747,-7.7,-0.1,85.35,87.95,50.6,0.091,0.419
blob,291,30.57,16.14,25.33,300.95,6.61,0.299,-37.36,-11.88,121.42,89.97,-9.91,0.144,0.52
blob,292,93.55,48.03,49.82,124.41,5.89,0.377,40.27,-25.13,115.04,19.47,-2.43,-0.082,1.39
splatter,293,75.58,30.23,61.85,311.14,3.49,0.522,11.25,3.37,141.12,42.55,-0.67,-0.125,2.302
stroke,294,82.97,27.93,58.34,145.42,3.24,0.703,15.29,7.58,162.06,73.44,-0.27,-0.258,1.178
blob,295,70.88,53.6,31.63,106.53,5.29,0.239,-19.61,13.91,82.34,73.83,-28.42,0.018,0.822
stroke,296,30.16,77.84,34.5,125.15,5.83,0.419,5.68,38.25,144.45,116.24,-32.62,0.068,0.441
splatter,297,43.46,68.37,20.0,67.81,4.01,0.144,5.15,-43.48,66.81,37.31,37.49,-0.199,0.747
blob,298,65.77,18.59,64.76,327.28,6.43,0.872,-16.43,-1.35,192.95,89.2,32.69,0.213,1.18
stroke,299,28.11,30.21,107.34,333.64,10.08,0.523,-3.4,23.83,78.55,69.31,32.18,-0.123,0.72
blob,300,70.69,68.82,29.49,256.8,1.66,0.397,-30.01,-2.49,137.63,18.99,-2.08,-0.316,0.682
blob,301,49.71,30.35,74.72,130.96,6.78,0.756,-6.93,-46.76,66.51,46.3,56.76,0.224,1.077
stroke,302,46.75,45.51,103.04,104.39,5.35,0.469,19.48,-25.82,103.92,66.56,-0.67,-0.296,2.28
stroke,303,70.64,61.0,37.32,82.64,6.49,0.774,-14.94,6.57,171.83,17.39,25.89,0.145,1.556
stroke,304,64.77,30.63,44.42,136.86,4.55,0.298,38.15,5.84,77.29,15.0,-41.66,0.108,1.275
splatter,305,47.06,52.11,52.37,39.35,5.18,0.4,-28.72,13.45,198.17,15.97,-6.89,0.048,1.214
arc,306,80.51,23.32,57.52,167.03,5.78,0.584,-5.2,-15.62,109.79,66.48,-4.67,-0.078,1.456
stroke,307,31.22,37.97,53.64,209.06,4.84,0.754,-13.13,5.2,149.03,47.88,-1.96,0.075,1.046
stroke,308,68.55,56.4,38.71,120.89,2.15,0.639,-3.6,-18.92,126.12,44.5,-39.76,0.157,0.9
splatter,309,68.05,18.14,61.42,164.46,4.99,0.229,27.43,5.2,128.28,45.36,21.12,-0.148,1.599
blob,310,48.19,58.81,39.13,272.77,2.38,0.658,-19.69,1.06,52.96,24.4,30.86,0.146,0.987
stroke,311,62.17,49.61,55.3,306.09,6.94,0.276,-9.03,-16.42,91.09,48.59,-22.32,0.14,0.61
blob,312,27.48,61.05,46.04,177.06,1.4,0.426,13.09,31.16,157.84,15.0,-34.42,0.044,2.274
blob,313,75.33,54.48,20.0,110.96,7.76,0.556,1.86,-34.11,96.23,89.69,-23.07,-0.081,0.434
arc,314,50.93,77.28,79.58,232.4,6.45,0.227,3.5,-2.83,115.55,102.31,14.86,0.14,2.361
splatter,315,43.5,52.5,34.95,177.38,6.45,0.868,-19.31,-16.86,48.1,15.0,-17.9,0.076,1.424
splatter,316,78.08,41.41,83.1,173.55,1.0,0.206,-1.43,36.68,88.5,48.27,-4.02,-0.152,0.681
stroke,317,39.5,52.45,73.4,81.5,4.78,0.694,22.63,11.97,154.92,49.9,-32.2,-0.055,1.119
blob,318,24.01,60.87,51.66,319.26,8.04,0.708,-32.19,-12.99,58.69,55.64,59.38,0.123,0.892
blob,319,20.75,50.98,58.85,299.31,4.36,0.463,-13.95,-5.59,138.68,85.04,2.2,0.017,1.655
blob,320,68.33,50.81,62.04,249.96,3.13,0.542,-36.31,37.23,117.11,48.34,34.49,0.163,1.639
stroke,321,26.83,35.96,42.53,256.14,4.1,0.591,10.74,-18.93,100.56,57.79,14.8,-0.051,1.392
splatter,322,93.61,36.74,43.47,297.89,5.35,0.789,24.51,-35.29,98.8,134.48,-1.26,-0.15,1.605
splatter,323,9.2,21.95,60.7,355.32,3.63,0.873,-3.67,5.82,90.36,57.22,-2.81,0.329,1.044
blob,324,92.32,84.99,46.26,358.82,8.21,0.269,-20.11,6.27,93.92,104.16,-21.76,-0.252,2.667
arc,325,59.64,25.12,38.77,169.3,5.36,0.968,-19.52,13.32,147.19,72.55,-13.51,-0.075,2.038
splatter,326,52.87,36.14,31.88,288.98,4.28,0.77,-5.94,13.45,92.72,46.16,-30.23,0.042,0.871
stroke,327,43.01,35.63,56.02,258.69,2.64,0.679,-6.02,35.41,182.3,41.98,-33.51,0.148,1.658
stroke,328,63.78,67.9,34.4,65.21,6.57,0.423,18.24,-34.36,121.98,59.82,62.59,0.097,1.587
stroke,329,54.17,44.1,67.89,340.58,6.52,0.568,-13.38,-24.06,86.95,31.84,8.37,0.347,0.971
blob,330,79.27,74.95,70.43,306.41,3.76,0.62,8.7,13.24,148.93,38.4,43.97,-0.018,0.933
stroke,331,57.51,36.53,58.65,157.69,1.0,0.193,-6.11,-22.11,134.96,49.42,-23.82,-0.131,2.028
splatter,332,58.31,55.58,64.15,335.62,6.4,0.594,-14.9,-29.13,43.83,67.33,-37.55,-0.033,1.097
blob,333,47.0,33.29,58.73,161.23,5.09,0.713,-6.61,37.32,68.62,105.65,-29.33,-0.048,1.259
blob,334,53.75,92.9,66.18,241.88,6.24,0.571,6.73,-32.4,105.38,47.88,-12.66,-0.01,2.227
blob,335,61.77,26.25,64.93,173.35,9.81,0.839,18.3,-7.03,46.66,71.54,1.09,-0.147,3.922
blob,336,17.38,56.2,54.68,12.51,5.44,0.052,-5.04,-1.19,193.62,19.3,-4.53,0.118,0.849
splatter,337,25.34,62.68,73.81,199.06,4.37,0.917,-24.08,26.18,142.89,86.51,-23.2,0.056,0.99
splatter,338,71.35,58.28,43.23,267.32,2.98,0.564,19.99,-37.38,109.47,16.96,2.63,-0.19,1.147
stroke,339,58.76,46.29,32.35,90.14,4.81,0.75,-17.96,8.31,96.29,79.96,5.26,0.145,1.16
blob,340,50.95,47.4,31.56,202.69,5.85,0.726,5.22,-17.81,86.01,57.98,21.07,-0.122,1.334
stroke,341,55.41,50.88,40.33,313.39,5.62,0.306,-0.5,12.55,40.0,56.98,44.11,-0.177,0.865
stroke,342,62.65,47.06,20.0,282.96,9.29,0.375,-3.17,-18.14,40.69,52.49,-10.92,0.013,0.587
blob,343,43.13,69.28,51.43,139.99,6.6,0.502,-9.74,31.45,186.04,27.47,36.46,-0.264,2.656
stroke,344,37.88,94.21,62.41,60.3,5.2,0.241,12.4,-18.02,172.94,28.79,1.98,0.088,1.501
stroke,345,59.31,38.85,69.99,161.21,3.95,0.37,-71.64,-49.24,86.97,80.91,-45.82,-0.4,0.896
stroke,346,33.48,22.6,20.0,308.53,6.09,0.653,22.73,-15.78,146.32,60.3,53.5,-0.154,1.375
stroke,347,63.98,48.23,32.05,341.08,3.5,0.67,-18.25,-5.23,130.26,52.31,68.18,0.236,2.763
blob,348,17.54,100.0,66.98,6.91,5.9,0.143,8.16,21.65,134.97,71.08,18.57,-0.103,0.745
stroke,349,77.64,33.93,42.6,30.03,6.57,0.427,7.1,-25.17,52.99,62.53,2.69,-0.077,1.228
stroke,350,65.4,82.78,61.78,234.75,5.02,0.673,25.5,-24.77,40.0,40.18,-8.14,0.191,0.552
stroke,351,60.63,83.55,24.69,148.6,4.11,0.592,3.95,19.21,157.3,121.52,-13.92,-0.119,1.042
splatter,352,76.62,38.93,82.66,46.89,1.0,0.373,-16.58,-27.5,40.0,78.52,36.32,0.115,1.504
splatter,353,91.64,61.38,23.72,340.73,8.02,0.575,-32.1,-3.58,104.07,63.18,-0.52,0.176,0.633
blob,354,77.32,82.57,20.0,90.34,6.39,0.314,-6.98,-3.17,95.29,47.16,50.22,0.072,1.006
blob,355,14.5,42.42,50.75,86.48,6.44,0.243,-39.16,4.35,91.59,83.82,1.05,-0.217,1.649
stroke,356,26.85,45.93,51.34,95.82,2.07,0.843,-12.57,-15.0,122.58,40.31,-12.37,-0.091,1.484
blob,357,41.25,38.37,36.83,328.3,8.54,0.709,-5.85,-18.54,82.9,38.21,-18.04,0.4,0.62
stroke,358,55.57,29.7,57.73,275.22,4.48,0.776,-13.8,6.7,125.83,102.33,-22.31,-0.074,1.332
arc,359,66.39,37.01,58.46,81.51,4.86,0.402,0.84,-17.92,115.65,60.77,15.42,0.4,1.461
stroke,360,39.03,25.52,55.67,320.46,3.15,0.483,-4.72,-27.2,193.95,40.92,-38.83,0.256,1.166
stroke,361,59.11,50.68,36.51,225.48,1.57,0.285,-6.55,24.56,54.58,60.14,-24.55,0.078,1.905
stroke,362,38.38,34.6,33.21,108.67,8.05,0.472,-48.48,9.76,111.17,81.25,39.73,0.045,0.823
stroke,363,41.55,54.68,38.37,120.05,8.33,0.458,-25.89,35.35,127.25,75.53,-28.64,-0.07,1.358
stroke,364,24.05,18.88,31.06,331.64,5.14,0.636,12.85,15.68,99.74,84.36,25.88,-0.013,0.617
arc,365,34.69,56.62,75.31,192.46,4.01,0.372,16.09,-25.36,56.52,28.76,-61.89,-0.103,0.496
stroke,366,25.26,66.67,39.94,306.27,4.67,0.289,-36.78,1.93,160.28,83.73,43.5,-0.01,1.633
arc,367,33.53,10.13,50.1,97.37,4.73,0.444,-16.29,-20.31,123.48,55.52,-38.11,-0.204,1.117
arc,368,78.18,57.48,66.86,134.18,2.86,0.503,21.44,-33.03,59.32,62.23,-26.29,-0.212,0.877
blob,369,34.11,74.55,30.33,244.23,4.86,0.71,-14.36,-8.94,127.55,90.24,20.41,0.195,0.649
blob,370,100.0,25.81,23.21,196.54,5.84,0.335,-2.23,19.63,178.06,77.57,8.11,-0.242,1.671
blob,371,65.85,83.45,31.11,129.71,7.74,0.243,28.84,5.5,108.55,68.78,26.85,0.133,0.52
blob,372,59.07,58.38,52.57,315.5,5.53,0.445,-7.23,-27.82,109.91,15.0,-38.35,-0.284,1.816
blob,373,36.12,35.9,50.97,11.79,2.03,0.926,-10.09,-9.65,172.72,58.86,-8.6,0.094,1.385
splatter,374,70.41,48.88,55.62,166.7,6.28,0.347,-3.14,-2.86,71.18,40.38,-18.51,-0.031,0.533
blob,375,42.34,61.17,44.47,203.6,4.94,0.553,37.07,-33.78,179.1,77.78,-33.31,0.198,1.177
blob,376,57.68,51.52,20.0,54.48,8.51,0.338,8.92,14.26,148.92,84.77,17.88,-0.05,4.0
splatter,377,100.0,60.78,43.83,209.2,8.64,0.552,0.38,-4.57,73.03,52.45,28.29,-0.301,2.003
blob,378,52.89,31.59,70.78,319.14,8.72,0.792,-10.49,-27.81,83.27,43.32,-10.11,-0.028,0.731
splatter,379,80.28,53.39,78.79,114.78,4.26,0.838,10.78,-28.94,89.01,98.91,45.68,0.024,1.581
blob,380,39.53,21.73,48.61,342.9,9.88,0.861,13.19,22.01,40.0,44.92,-23.57,-0.02,0.544
blob,381,54.23,47.78,51.06,187.28,6.27,0.733,-21.46,-7.62,120.42,30.14,44.95,0.086,0.557
splatter,382,93.96,31.92,61.27,31.0,9.08,0.471,13.73,23.81,74.84,39.18,16.87,-0.085,1.069
stroke,383,41.21,35.29,77.8,306.8,4.39,0.422,-3.02,31.44,121.86,46.13,-36.71,-0.19,1.456
splatter,384,94.87,74.72,46.68,271.87,4.84,0.395,0.5,20.45,58.36,38.47,59.45,-0.15,1.658
splatter,385,70.57,71.83,60.9,320.26,6.1,0.625,-17.69,-10.67,146.92,81.13,-13.33,-0.077,1.67
splatter,386,42.63,62.18,35.76,329.62,5.83,0.363,-8.0,-49.96,139.51,15.0,36.15,-0.079,1.415
blob,387,68.91,28.15,24.95,221.69,8.26,0.779,-20.6,6.26,81.76,37.94,4.37,0.361,0.493
blob,388,76.4,43.67,37.54,331.44,4.99,0.232,-21.56,41.83,124.39,58.81,11.23,0.188,1.072
splatter,389,68.68,74.26,85.6,6.97,8.06,0.127,7.54,-0.71,113.32,65.26,27.04,0.103,1.794
splatter,390,20.46,52.83,61.44,101.47,7.11,0.752,-7.1,-39.8,169.29,102.3,25.38,0.067,1.379
arc,391,39.0,96.39,26.13,79.15,5.03,0.849,-25.99,-13.5,68.7,98.63,-10.26,0.045,1.211
stroke,392,49.55,57.87,62.7,99.32,6.94,0.55,43.54,-3.67,103.91,19.98,15.95,0.046,1.303
stroke,393,53.36,53.84,27.13,208.62,4.46,0.599,-22.49,-21.96,84.37,15.0,13.7,0.024,1.292
splatter,394,68.65,43.82,55.28,285.41,10.67,0.809,21.84,-51.28,111.79,60.62,6.41,0.006,0.414
stroke,395,58.91,52.67,29.77,86.7,1.0,0.6,-29.53,-1.96,131.33,43.17,-6.1,-0.314,1.969
arc,396,25.62,46.95,25.4,24.18,6.98,0.546,9.13,-15.7,83.93,30.2,6.35,-0.055,1.046
splatter,397,63.36,64.16,91.91,213.3,1.62,0.238,-5.01,35.45,95.44,60.4,59.03,-0.036,1.574
stroke,398,68.43,69.13,39.92,142.44,5.0,0.552,-12.58,2.02,148.64,65.77,-8.85,-0.112,0.349
splatter,399,67.32,34.28,60.95,132.48,5.31,0.298,3.93,9.39,164.29,39.03,36.2,-0.083,2.536
splatter,400,78.78,23.38,47.56,53.14,8.82,0.855,1.25,-2.38,129.74,44.4,-18.59,0.045,0.62
blob,401,73.35,13.28,28.19,241.08,3.98,0.274,-16.25,1.87,104.48,40.95,-26.44,0.115,3.938
arc,402,65.1,60.16,41.9,134.54,8.38,0.249,-17.15,-33.05,100.68,49.71,90.0,0.045,3.189
stroke,403,53.46,27.93,28.31,70.18,2.91,0.372,-31.48,-20.8,131.93,73.54,16.2,0.111,0.57
splatter,404,18.46,6.94,120.0,142.99,8.46,0.323,6.11,21.77,119.11,33.05,17.03,0.114,1.663
stroke,405,64.45,57.77,65.75,133.55,4.46,0.728,-25.08,4.19,44.04,43.98,17.86,-0.045,0.665
arc,406,59.57,99.86,47.15,153.45,5.66,0.514,0.08,-7.97,132.9,50.02,42.22,0.079,0.803
stroke,407,60.97,49.88,59.51,52.29,4.76,0.187,11.85,9.72,75.58,59.83,12.23,-0.262,0.812
blob,408,26.91,66.77,63.89,277.77,8.32,0.551,4.16,10.12,53.32,66.9,24.49,-0.058,1.383
arc,409,31.22,51.64,63.96,110.31,7.89,0.219,-14.46,39.82,43.27,111.06,-31.76,-0.075,1.3
blob,410,78.17,48.02,62.76,93.51,6.48,0.734,18.18,3.26,101.36,74.3,29.52,0.23,0.606
blob,411,54.13,68.38,60.65,138.79,2.97,0.213,-8.16,-21.25,69.34,74.9,-7.1,0.051,1.377
arc,412,69.99,44.19,48.9,294.18,3.93,0.56,-26.68,-2.31,40.0,53.33,20.15,-0.2,0.998
arc,413,55.62,55.35,88.76,304.66,3.24,0.351,-5.67,12.15,95.66,35.5,-51.45,0.089,0.445
stroke,414,55.65,56.43,50.32,196.46,1.0,0.408,11.74,19.91,90.38,46.79,18.91,0.136,0.89
stroke,415,75.64,36.64,47.77,147.35,8.27,0.526,-13.49,-32.3,104.0,42.24,-67.26,-0.013,2.535
stroke,416,43.65,69.84,50.51,205.76,4.78,0.86,17.56,5.07,84.84,69.81,-8.28,0.104,0.905
blob,417,57.11,46.5,52.14,153.38,4.76,0.167,-15.41,-17.95,183.17,18.72,-51.17,-0.374,0.441
stroke,418,44.83,34.89,20.0,96.66,8.79,0.344,-12.68,-11.33,130.69,74.81,18.99,-0.4,1.661
splatter,419,45.44,60.73,30.96,118.61,4.45,0.645,-20.92,16.92,90.02,57.07,2.08,-0.177,0.695
splatter,420,48.2,32.03,44.47,204.66,3.65,0.612,13.67,14.92,107.45,78.33,-23.12,0.022,1.23
splatter,421,59.89,50.56,20.0,94.38,5.01,0.205,-1.06,-13.56,166.59,41.9,43.03,0.23,1.014
splatter,422,44.47,49.82,47.12,115.12,3.01,0.589,-19.6,-3.16,148.26,37.47,-26.9,-0.169,2.667
blob,423,82.63,71.72,51.83,305.23,6.26,0.543,-7.92,-10.72,54.15,49.83,-90.0,-0.128,1.014
stroke,424,35.32,59.49,24.39,60.95,4.68,0.431,-61.42,57.83,71.03,49.23,15.41,0.013,0.624
blob,425,50.89,49.5,34.58,149.69,4.38,0.697,15.56,5.57,78.73,80.16,-53.0,-0.074,0.874
stroke,426,45.33,66.36,80.19,350.77,4.19,0.465,-3.41,-16.79,92.41,79.92,-25.95,-0.082,0.598
stroke,427,86.83,77.8,59.78,327.48,5.27,0.807,-48.12,26.44,86.18,107.63,-15.52,-0.063,0.995
arc,428,59.32,61.16,58.28,9.09,5.68,0.441,-29.13,27.15,111.36,47.61,-42.72,0.197,2.678
stroke,429,77.7,50.21,75.88,344.5,4.36,0.358,-8.43,35.83,139.43,15.0,-14.81,0.167,2.063
blob,430,22.32,23.76,31.25,336.37,4.71,0.659,-26.28,41.76,146.11,49.76,-42.16,0.004,3.067
blob,431,60.88,28.7,24.43,53.39,5.32,0.592,15.87,14.15,96.93,65.77,4.87,0.248,1.404
splatter,432,74.57,43.9,71.41,228.71,5.1,0.561,8.37,-7.0,44.61,77.86,-36.86,0.076,1.187
stroke,433,56.81,37.81,45.05,85.87,5.57,0.708,7.19,-4.05,68.38,67.59,0.9,0.173,0.671
blob,434,78.44,46.26,30.85,332.42,4.01,0.53,-52.09,-5.84,89.21,47.59,34.86,-0.129,1.265
blob,435,43.62,51.13,107.92,293.92,7.71,0.781,-10.51,-8.08,60.2,102.85,23.47,-0.098,1.035
splatter,436,86.01,60.59,20.0,158.27,5.71,0.397,-13.95,24.8,155.63,34.16,-2.45,-0.1,1.631
blob,437,100.0,48.59,50.77,46.91,4.39,0.546,-19.08,0.01,62.82,53.13,-29.66,-0.013,0.631
splatter,438,47.02,59.73,42.68,206.4,6.26,0.537,-8.3,19.43,134.68,33.0,4.78,0.009,1.135
splatter,439,45.2,51.29,39.36,149.41,5.34,0.663,-22.52,13.53,42.72,60.49,-20.87,0.049,0.503
blob,440,86.97,10.49,20.0,200.07,1.69,0.215,4.3,-21.97,136.29,99.73,6.03,0.296,1.308
blob,441,89.75,31.21,88.25,12.77,6.25,0.901,15.33,-34.34,104.43,56.48,-51.46,0.108,1.549
arc,442,43.5,47.12,22.17,165.56,3.26,0.519,13.61,-24.73,170.5,56.63,24.22,-0.077,0.491
stroke,443,45.76,25.81,41.14,12.82,7.56,0.487,-2.76,-8.53,64.74,17.6,1.0,-0.0,0.566
stroke,444,48.8,62.0,37.99,257.26,4.97,0.1,39.98,2.69,87.44,52.83,66.26,0.226,0.578
splatter,445,25.42,80.62,60.57,149.74,7.22,0.57,22.8,-12.97,95.18,88.76,39.18,0.117,1.011
arc,446,34.79,74.38,20.0,38.91,4.11,0.09,-2.03,14.06,103.9,53.74,16.99,0.224,0.55
arc,447,32.91,45.73,57.38,20.55,5.65,0.336,-9.65,-10.55,96.16,52.06,-3.72,-0.072,2.202
splatter,448,38.11,79.81,50.89,353.7,8.16,0.316,26.76,5.14,96.93,87.64,-21.89,-0.107,1.374
stroke,449,54.24,52.97,33.78,176.48,4.91,0.372,20.15,2.35,96.28,52.16,28.27,-0.105,1.491
blob,450,60.15,43.26,56.48,6.59,4.2,0.655,-28.21,34.69,40.0,92.3,-6.88,-0.06,0.499
splatter,451,89.11,37.73,47.08,143.61,6.94,0.538,21.72,-19.5,149.73,27.88,35.05,-0.159,2.11
stroke,452,33.04,43.95,97.5,26.01,6.9,0.412,-3.09,44.17,220.0,76.95,12.02,0.044,1.529
stroke,453,76.66,42.24,42.66,170.49,4.29,0.201,-17.22,-11.89,121.93,101.16,12.24,0.047,0.786
arc,454,50.29,53.41,28.9,227.01,1.13,0.208,-39.58,-26.8,64.57,85.2,17.84,0.201,0.511
blob,455,53.91,53.21,57.63,215.16,4.16,0.716,-5.38,-4.34,68.62,15.0,-27.59,-0.264,1.064
stroke,456,69.85,50.06,40.23,210.42,6.99,0.55,-0.24,64.8,134.53,44.04,-30.66,-0.142,0.875
blob,457,30.3,58.74,46.65,5.54,3.79,0.42,31.75,17.9,125.42,53.95,-31.7,0.121,0.894
stroke,458,63.41,73.81,24.53,331.22,5.48,0.923,19.14,12.06,98.63,85.25,31.42,0.028,0.777
blob,459,58.66,68.99,60.98,192.46,4.05,0.542,-11.66,15.9,140.14,26.71,-28.37,0.007,1.585
blob,460,65.83,20.3,37.23,74.89,1.25,0.515,7.79,-15.39,40.0,34.53,-24.63,0.19,0.301
blob,461,61.36,0.0,52.65,99.37,4.01,0.404,16.52,6.52,140.16,19.87,16.13,-0.151,2.259
stroke,462,100.0,68.69,108.31,316.38,6.98,0.756,1.72,0.05,119.51,39.35,-7.56,-0.109,1.82
splatter,463,40.97,22.66,41.53,40.06,1.0,0.377,-11.74,36.18,70.16,28.71,-11.39,-0.127,1.228
stroke,464,43.32,45.5,64.66,320.18,6.05,0.658,-10.64,-2.17,52.67,99.95,-14.0,-0.302,1.028
arc,465,41.29,26.6,42.86,266.01,2.89,0.709,7.71,-7.57,114.85,43.82,-69.77,0.02,1.899
stroke,466,42.78,13.96,34.0,38.56,6.84,0.632,8.26,-23.3,166.29,77.27,-29.01,-0.078,1.082
blob,467,40.98,60.83,81.43,153.03,7.07,0.25,-5.86,2.8,100.88,60.45,35.45,-0.11,0.962
splatter,468,81.16,65.18,20.0,327.86,5.12,0.464,-52.38,5.86,75.89,60.1,-16.18,-0.137,1.953
blob,469,86.25,38.47,71.99,195.34,5.13,0.282,-25.81,-24.03,117.65,45.21,-57.01,-0.003,3.148
arc,470,42.44,0.0,20.0,73.0,3.73,0.174,12.39,9.06,182.83,79.25,-30.24,-0.12,0.68
blob,471,36.69,39.08,68.73,281.41,2.54,0.64,-42.62,4.66,127.25,63.86,10.8,0.033,1.367
arc,472,65.37,57.84,46.98,279.32,9.24,0.314,23.68,20.27,131.58,62.42,10.2,0.069,0.642
blob,473,42.85,20.42,28.94,78.15,3.6,0.533,20.72,24.25,158.91,45.16,-8.83,-0.044,1.42
arc,474,68.92,53.67,38.41,286.83,8.95,0.39,0.82,1.89,128.9,49.26,-20.68,-0.054,0.749
stroke,475,59.46,49.69,63.12,322.54,3.61,0.687,11.96,-20.73,78.76,74.72,-42.07,0.028,2.025
arc,476,21.65,61.59,103.71,262.52,6.66,0.236,10.58,-16.61,40.22,65.75,11.05,-0.004,1.051
blob,477,89.05,52.39,20.38,270.97,3.0,0.239,-2.34,35.24,73.13,63.09,25.14,0.2,1.131
stroke,478,94.51,30.54,29.82,57.9,6.65,0.526,-27.48,3.31,65.81,41.15,38.67,0.048,2.498
arc,479,41.52,73.93,23.42,177.31,4.78,0.713,19.35,34.92,136.37,108.6,-33.32,0.164,0.766
stroke,480,46.47,46.83,42.7,355.35,4.81,0.698,28.14,9.97,141.93,48.01,40.97,0.092,1.556
stroke,481,61.29,49.45,69.54,6.76,6.84,0.287,-24.17,15.07,117.02,59.24,-1.7,-0.198,0.805
splatter,482,62.36,31.33,21.81,333.63,4.47,0.965,-28.23,18.77,59.25,55.32,0.8,-0.084,2.01
stroke,483,69.49,41.13,46.41,93.06,2.36,0.346,-2.74,-24.46,181.46,108.87,26.81,-0.007,2.7
stroke,484,99.22,32.3,68.57,246.26,7.17,0.329,-12.52,6.14,93.35,52.73,-16.23,0.13,0.969
stroke,485,51.11,46.54,38.15,268.76,2.98,0.891,2.9,-24.74,134.14,50.44,-64.91,0.289,0.369
arc,486,37.44,84.23,20.0,288.69,6.64,0.69,24.16,-5.7,111.97,62.96,21.15,-0.073,0.783
blob,487,24.65,22.56,51.1,340.39,7.64,0.686,-44.91,12.8,118.35,42.66,10.46,0.008,3.73
blob,488,38.92,17.73,78.78,69.62,4.67,0.364,31.63,-20.51,132.73,62.79,-10.81,0.12,0.822
arc,489,54.27,79.42,27.14,358.65,8.1,0.842,-8.13,11.19,82.16,119.29,18.68,-0.009,2.679
arc,490,94.48,45.81,20.0,133.6,6.56,0.428,10.24,-29.97,162.22,67.49,24.81,0.247,0.816
stroke,491,43.61,36.62,53.92,33.84,3.97,0.448,12.37,22.87,46.82,66.58,-45.36,-0.202,0.806
stroke,492,59.92,70.8,54.59,356.53,8.58,0.445,14.71,-13.29,68.46,42.05,0.68,0.102,1.632
blob,493,54.64,37.89,36.91,119.65,2.99,0.256,1.24,-20.54,161.7,102.73,-68.33,0.1,1.537
blob,494,81.14,86.52,33.54,273.49,4.67,0.83,5.91,-28.71,133.6,108.48,-3.71,0.173,1.692
stroke,495,100.0,63.56,47.41,196.61,5.05,0.71,5.78,-11.59,211.62,81.32,-11.18,0.009,1.108
stroke,496,43.32,40.24,26.9,106.83,6.83,0.176,-12.61,-38.15,112.73,76.35,14.76,0.134,1.854
stroke,497,44.23,93.15,26.92,231.23,7.95,0.364,-35.16,-10.97,178.02,54.13,-32.19,-0.037,1.787
blob,498,77.97,37.89,62.94,80.64,7.82,0.233,-24.38,21.99,40.0,69.78,-12.64,-0.12,1.963
arc,499,70.0,64.84,25.99,3.73,5.99,0.406,-2.08,-3.77,53.46,39.12,-90.0,-0.142,0.809
arc,500,95.63,55.99,20.0,275.17,4.88,0.719,-15.74,-23.55,145.82,31.85,16.73,-0.216,1.853
